10001,NOM1,Prenom1,NOM1.Prenom1@bnpparibas.com,8100389,13100058,Zywiec,Zywiec,POLOGNE,POLAND,2,CHARGE APPUI COMERCIAL,CHARGE APPUI COMERCIAL
10002,NOM2,Prenom2,NOM2.Prenom2@bnpparibas.com,8105575,13100058,Zywiec,Zywiec,POLOGNE,POLAND,2,ANALYSTE RISQUE OPERATIONNEL,ANALYSTE RISQUE OPERATIONNEL
10003,NOM3,Prenom3,NOM3.Prenom3@bnpparibas.com,8110677,13100058,Zywiec,Zywiec,POLOGNE,POLAND,2,INDETERMINE,INDETERMINE
10004,NOM4,Prenom4,NOM4.Prenom4@bnpparibas.com,13100017,13276391,Zywiec,Zywiec,POLOGNE,POLAND,2,DIRECTEUR DE DEPARTEMENT,DIRECTEUR DE DEPARTEMENT
10005,NOM5,Prenom5,NOM5.Prenom5@bnpparibas.com,13100475,13100003,Zywiec,Zywiec,POLOGNE,POLAND,2,RESPONSABLE EXPERTISE FINANCIERE ET TECHNIQUE,RESPONSABLE EXPERTISE FINANCIERE ET TECHNIQUE
10006,NOM6,Prenom6,NOM6.Prenom6@bnpparibas.com,13101158,13131927,Zywiec,Zywiec,POLOGNE,POLAND,2,,
10007,NOM7,Prenom7,NOM7.Prenom7@bnpparibas.com,13101775,13100058,Zywiec,Zywiec,POLOGNE,POLAND,2,INDETERMINE,INDETERMINE
10008,NOM8,Prenom8,NOM8.Prenom8@bnpparibas.com,13103626,13100019,Zyrardow,Zyrardow,POLOGNE,POLAND,2,INFIRMIER(E),INFIRMIER(E)
10009,NOM9,Prenom9,NOM9.Prenom9@bnpparibas.com,13103667,13100058,Zyrardow,Zyrardow,POLOGNE,POLAND,2,ASSISTANT RESSOURCES HUMAINES,ASSISTANT RESSOURCES HUMAINES
10010,NOM10,Prenom10,NOM10.Prenom10@bnpparibas.com,13103668,13100058,Zyrardow,Zyrardow,POLOGNE,POLAND,2,CHARGE DE COMPTABILITE DE GESTION,CHARGE DE COMPTABILITE DE GESTION
10011,NOM11,Prenom11,NOM11.Prenom11@bnpparibas.com,13103676,13100058,Zyrardow,Zyrardow,POLOGNE,POLAND,2,CHARGE DE PATRIMOINE FINANCIER,CHARGE DE PATRIMOINE FINANCIER
10012,NOM12,Prenom12,NOM12.Prenom12@bnpparibas.com,13105697,13100001,ZWOLEN,ZWOLEN,POLOGNE,POLAND,2,INDETERMINE,INDETERMINE
10013,NOM13,Prenom13,NOM13.Prenom13@bnpparibas.com,13106822,13100001,ZWOLEN,ZWOLEN,POLOGNE,POLAND,2,RELATIONSHIP MANAGER,RELATIONSHIP MANAGER
10014,NOM14,Prenom14,NOM14.Prenom14@bnpparibas.com,13106868,13100058,ZWOLEN,ZWOLEN,POLOGNE,POLAND,2,ADD -PIANIFICAZIONE ED EVOLUZIONE OPERATIVA,ADD -PIANIFICAZIONE ED EVOLUZIONE OPERATIVA
10015,NOM15,Prenom15,NOM15.Prenom15@bnpparibas.com,13106908,13100014,ZWOLEN,ZWOLEN,POLOGNE,POLAND,2,FISCALISTE,FISCALISTE
10016,NOM16,Prenom16,NOM16.Prenom16@bnpparibas.com,13106908,13100014,Zwijndrecht,Zwijndrecht,BELGIQUE,BEDELAND,2,OPERATEUR DE MARCHE,OPERATEUR DE MARCHE
10017,NOM17,Prenom17,NOM17.Prenom17@bnpparibas.com,13106956,13100019,Zwijndrecht,Zwijndrecht,BELGIQUE,BEDELAND,2,ASSISTANTE ALM,ASSISTANTE ALM
10018,NOM18,Prenom18,NOM18.Prenom18@bnpparibas.com,13109877,13100475,Zwijndrecht,Zwijndrecht,BELGIQUE,BEDELAND,2,DIRECTEUR D'AGENCE,DIRECTEUR D'AGENCE
10019,NOM19,Prenom19,NOM19.Prenom19@bnpparibas.com,13110080,13100475,Zwijndrecht,Zwijndrecht,BELGIQUE,BEDELAND,2,AUDITEUR,AUDITEUR
10020,NOM20,Prenom20,NOM20.Prenom20@bnpparibas.com,13110147,13100475,Zwijndrecht,Zwijndrecht,BELGIQUE,BEDELAND,2,CONTR.CREDIT OFFICER PUBLIC BANKING,CONTR.CREDIT OFFICER PUBLIC BANKING
10021,NOM21,Prenom21,NOM21.Prenom21@bnpparibas.com,13110489,13100001,Zwevegem,Zwevegem,BELGIQUE,BEDELAND,2,ASSISTANT DE DIRECTION,ASSISTANT DE DIRECTION
10022,NOM22,Prenom22,NOM22.Prenom22@bnpparibas.com,13110959,13100475,Zwevegem,Zwevegem,BELGIQUE,BEDELAND,2,DIRECTEUR D'ENTITE,DIRECTEUR D'ENTITE
10023,NOM23,Prenom23,NOM23.Prenom23@bnpparibas.com,13112401,8103682,Zwevegem,Zwevegem,BELGIQUE,BEDELAND,2,,
10024,NOM24,Prenom24,NOM24.Prenom24@bnpparibas.com,13112401,8103682,Zwevegem,Zwevegem,BELGIQUE,BEDELAND,2,,
10025,NOM25,Prenom25,NOM25.Prenom25@bnpparibas.com,13112728,13100001,Zwevegem,Zwevegem,BELGIQUE,BEDELAND,2,CHARGE DE FONCTIONS ADMINISTRATIVES,CHARGE DE FONCTIONS ADMINISTRATIVES
10026,NOM26,Prenom26,NOM26.Prenom26@bnpparibas.com,13113252,13150893,Zwevegem,Zwevegem,BELGIQUE,BEDELAND,2,INDETERMINE,INDETERMINE
10027,NOM27,Prenom27,NOM27.Prenom27@bnpparibas.com,13113256,13150893,Zwevegem,Zwevegem,BELGIQUE,BEDELAND,2,ACCOUNT TEAM 4. GESTOR DE CONTRATOS,ACCOUNT TEAM 4. GESTOR DE CONTRATOS
10028,NOM28,Prenom28,NOM28.Prenom28@bnpparibas.com,13113284,13100001,Zwevegem,Zwevegem,BELGIQUE,BEDELAND,2,,
10029,NOM29,Prenom29,NOM29.Prenom29@bnpparibas.com,13113375,13100475,Zutendaal,Zutendaal,BELGIQUE,BEDELAND,2,CHARGE D'AFFAIRES PROFESSIONNELS,CHARGE D'AFFAIRES PROFESSIONNELS
10030,NOM30,Prenom30,NOM30.Prenom30@bnpparibas.com,13113835,13100475,Zutendaal,Zutendaal,BELGIQUE,BEDELAND,2,IT APPLICATION ENGINEER SR,IT APPLICATION ENGINEER SR
10031,NOM31,Prenom31,NOM31.Prenom31@bnpparibas.com,13114714,13250641,Zutendaal,Zutendaal,BELGIQUE,BEDELAND,2,CONTROLEUR DE GESTION,CONTROLEUR DE GESTION
10032,NOM32,Prenom32,NOM32.Prenom32@bnpparibas.com,13114715,13250641,Zutendaal,Zutendaal,BELGIQUE,BEDELAND,2,,
10033,NOM33,Prenom33,NOM33.Prenom33@bnpparibas.com,13115156,13100001,Zutendaal,Zutendaal,BELGIQUE,BEDELAND,2,ADMINISTRATEUR IT,ADMINISTRATEUR IT
10034,NOM34,Prenom34,NOM34.Prenom34@bnpparibas.com,13115192,13100001,Zutendaal,Zutendaal,BELGIQUE,BEDELAND,2,CHARGE DE SERVICE CLIENTELE,CHARGE DE SERVICE CLIENTELE
10035,NOM35,Prenom35,NOM35.Prenom35@bnpparibas.com,13115316,13100001,Zutendaal,Zutendaal,BELGIQUE,BEDELAND,2,INDETERMINE,INDETERMINE
10036,NOM36,Prenom36,NOM36.Prenom36@bnpparibas.com,13115428,8100406,Zutendaal,Zutendaal,BELGIQUE,BEDELAND,2,ANALYSTE,ANALYSTE
10037,NOM37,Prenom37,NOM37.Prenom37@bnpparibas.com,13115761,8100753,Zutendaal,Zutendaal,BELGIQUE,BEDELAND,2,,
10038,NOM38,Prenom38,NOM38.Prenom38@bnpparibas.com,13115761,8100753,Zutendaal,Zutendaal,BELGIQUE,BEDELAND,2,RESP UNITE DE SERVICE COMPTABLE FINANCIER,RESP UNITE DE SERVICE COMPTABLE FINANCIER
10039,NOM39,Prenom39,NOM39.Prenom39@bnpparibas.com,13115969,13127802,ZUROMIN,ZUROMIN,POLOGNE,POLAND,2,TECHNICIEN RECOUVREMENTS DE CREANCES,TECHNICIEN RECOUVREMENTS DE CREANCES
10040,NOM40,Prenom40,NOM40.Prenom40@bnpparibas.com,13116102,13127802,ZUROMIN,ZUROMIN,POLOGNE,POLAND,2,DIRECTEUR-RICE - RESPONSABLE JURIDIQUE,DIRECTEUR-RICE - RESPONSABLE JURIDIQUE
10041,NOM41,Prenom41,,13116355,13127802,ZUROMIN,ZUROMIN,POLOGNE,POLAND,2,,
10042,NOM42,Prenom42,,13116711,13100058,ZUROMIN,ZUROMIN,POLOGNE,POLAND,2,CHARGE DE FONCTIONS ADMINISTRATIVES,CHARGE DE FONCTIONS ADMINISTRATIVES
10043,NOM43,Prenom43,,13116713,13100058,ZUROMIN,ZUROMIN,POLOGNE,POLAND,2,RESPONSABLE DE METHOD. RISQUES BANCAIRES,RESPONSABLE DE METHOD. RISQUES BANCAIRES
10044,NOM44,Prenom44,,13116715,13100058,ZURICH,ZURICH,SUISSE,MILKALAND,2,INDETERMINE,INDETERMINE
10045,NOM45,Prenom45,,13116956,13100475,ZURICH,ZURICH,SUISSE,MILKALAND,2,CHARGE D'APPUI COMMERCIAL,CHARGE D'APPUI COMMERCIAL
10046,NOM46,Prenom46,,13117257,13100001,ZURICH,ZURICH,SUISSE,MILKALAND,2,,
10047,NOM47,Prenom47,,13117257,13100001,ZURICH,ZURICH,SUISSE,MILKALAND,2,DIVERS,DIVERS
10048,NOM48,Prenom48,,13117307,13100001,ZURICH,ZURICH,SUISSE,MILKALAND,2,CLIENT ACCOUNT MANAGER,CLIENT ACCOUNT MANAGER
10049,NOM49,Prenom49,,13117884,13127802,ZURICH,ZURICH,SUISSE,MILKALAND,2,CRES MORTGAGE BANKER,CRES MORTGAGE BANKER
10050,NOM50,Prenom50,,13117901,13100000,ZURICH,ZURICH,SUISSE,MILKALAND,2,CONSEILLER PATRIMONIAL,CONSEILLER PATRIMONIAL
10051,NOM51,Prenom51,,13118044,13100058,ZURICH,ZURICH,SUISSE,MILKALAND,2,GESTIONNAIRE BACK OFFICE FINANCIER,GESTIONNAIRE BACK OFFICE FINANCIER
10052,NOM52,Prenom52,,13118046,13100058,ZURICH,ZURICH,SUISSE,MILKALAND,2,CREDIT OFFICER - ANALYSE,CREDIT OFFICER - ANALYSE
10053,NOM53,Prenom53,,13118133,13100058,ZURICH,ZURICH,SUISSE,MILKALAND,2,CHARGE FONCTIONS ADMIN. SERVICE ETRANGER,CHARGE FONCTIONS ADMIN. SERVICE ETRANGER
10054,NOM54,Prenom54,,13125497,13250641,ZURICH,ZURICH,SUISSE,MILKALAND,2,,
10055,NOM55,Prenom55,,13125979,13100019,ZURICH,ZURICH,SUISSE,MILKALAND,2,COLLABORATEUR EN FORMATION,COLLABORATEUR EN FORMATION
7,NOM56,Prenom56,,13126247,13100475,ZURICH,ZURICH,SUISSE,MILKALAND,2,MANAGER RECOUVREMENT JUDICIAIRE,MANAGER RECOUVREMENT JUDICIAIRE
10057,NOM57,Prenom57,NOM57.Prenom57@bnpparibas.com,13126687,13100001,ZURICH,ZURICH,SUISSE,MILKALAND,2,ADD -SVILUPPO RETE,ADD -SVILUPPO RETE
10058,NOM58,Prenom58,NOM58.Prenom58@bnpparibas.com,13128396,13100001,ZURICH,ZURICH,SUISSE,MILKALAND,2,COMPTABLE,COMPTABLE
10059,NOM59,Prenom59,NOM59.Prenom59@bnpparibas.com,13129378,13100024,ZURICH,ZURICH,SUISSE,MILKALAND,2,,
10060,NOM60,Prenom60,NOM60.Prenom60@bnpparibas.com,13129378,13100024,ZURICH,ZURICH,SUISSE,MILKALAND,2,,
10061,NOM61,Prenom61,NOM61.Prenom61@bnpparibas.com,13129518,13112270,ZURICH,ZURICH,SUISSE,MILKALAND,2,INDETERMINE,INDETERMINE
10062,NOM62,Prenom62,NOM62.Prenom62@bnpparibas.com,13129999,13100023,ZURICH,ZURICH,SUISSE,MILKALAND,2,INGENIEUR CONSEIL,INGENIEUR CONSEIL
10063,NOM63,Prenom63,NOM63.Prenom63@bnpparibas.com,13130469,13100001,ZURICH,ZURICH,SUISSE,MILKALAND,2,MBO SPCLIST,MBO SPCLIST
10064,NOM64,Prenom64,NOM64.Prenom64@bnpparibas.com,13130590,13100001,ZURICH,ZURICH,SUISSE,MILKALAND,2,,
10065,NOM65,Prenom65,NOM65.Prenom65@bnpparibas.com,13130734,13100058,ZURICH,ZURICH,SUISSE,MILKALAND,2,,
10066,NOM66,Prenom66,NOM66.Prenom66@bnpparibas.com,13131764,13100000,ZURICH,ZURICH,SUISSE,MILKALAND,2,INDETERMINE,INDETERMINE
10067,NOM67,Prenom67,NOM67.Prenom67@bnpparibas.com,13132272,8103682,ZURICH,ZURICH,SUISSE,MILKALAND,2,INDETERMINE,INDETERMINE
10068,NOM68,Prenom68,NOM68.Prenom68@bnpparibas.com,13133383,13100001,ZURICH,ZURICH,SUISSE,MILKALAND,2,INDETERMINE,INDETERMINE
10069,NOM69,Prenom69,NOM69.Prenom69@bnpparibas.com,13133385,13100001,ZURICH,ZURICH,SUISSE,MILKALAND,2,CONSEILLER DE CLIENTELE ET ACCUEIL,CONSEILLER DE CLIENTELE ET ACCUEIL
10070,NOM70,Prenom70,NOM70.Prenom70@bnpparibas.com,13133418,13100001,ZURICH,ZURICH,SUISSE,MILKALAND,2,CUSTOMER SVCS REP,CUSTOMER SVCS REP
10071,NOM71,Prenom71,NOM71.Prenom71@bnpparibas.com,13133943,13100058,ZURICH,ZURICH,SUISSE,MILKALAND,2,INDETERMINE,INDETERMINE
10072,NOM72,Prenom72,NOM72.Prenom72@bnpparibas.com,13135274,13100058,ZURICH,ZURICH,SUISSE,MILKALAND,2,,
10073,NOM73,Prenom73,NOM73.Prenom73@bnpparibas.com,13135664,13100001,ZURICH,ZURICH,SUISSE,MILKALAND,2,,
10074,NOM74,Prenom74,NOM74.Prenom74@bnpparibas.com,13135664,13100001,ZURICH,ZURICH,SUISSE,MILKALAND,2,,
10075,NOM75,Prenom75,NOM75.Prenom75@bnpparibas.com,13136048,13250641,ZURICH,ZURICH,SUISSE,MILKALAND,2,REDACTEUR DE PRODUCTION ET D'APPUI COMMERCIAL,REDACTEUR DE PRODUCTION ET D'APPUI COMMERCIAL
10076,NOM76,Prenom76,,13136081,13100058,ZURICH,ZURICH,SUISSE,MILKALAND,2,INDETERMINE,INDETERMINE
10077,NOM77,Prenom77,,13136596,13112270,ZURICH,ZURICH,SUISSE,MILKALAND,2,,
10078,NOM78,Prenom78,,13136609,13112270,ZURICH,ZURICH,SUISSE,MILKALAND,2,,
10079,NOM79,Prenom79,,13136609,13112270,ZURICH,ZURICH,SUISSE,MILKALAND,2,,
10080,NOM80,Prenom80,,13136609,13112270,ZURICH,ZURICH,SUISSE,MILKALAND,2,,
10081,NOM81,Prenom81,,13136609,13112270,ZURICH,ZURICH,SUISSE,MILKALAND,2,,
10082,NOM82,Prenom82,,13136609,13112270,ZURICH,ZURICH,SUISSE,MILKALAND,2,,
10083,NOM83,Prenom83,,13136610,13112270,ZURICH,ZURICH,SUISSE,MILKALAND,2,,
10084,NOM84,Prenom84,,13136611,13112270,ZURICH,ZURICH,SUISSE,MILKALAND,2,,
10085,NOM85,Prenom85,NOM85.Prenom85@bnpparibas.com,13136611,13112270,ZURICH,ZURICH,SUISSE,MILKALAND,2,,
85,,,,,,,,,,,,
